{
	"description": "项目配置文件。",
	"setting": {
		"urlCheck": true,
		"es6": true,
		"postcss": true,
		"minified": true,
		"newFeature": true
	},
	"compileType": "miniprogram",
	"libVersion": "1.5.4",
	"appid": "wx2e051807bc5439b6",
	"projectname": "%E7%BA%BF%E4%B8%8B%E5%88%B7%E7%89%99%E6%AF%94%E8%B5%9B%E5%8A%A9%E6%89%8B",
	"condition": {
		"search": {
			"current": -1,
			"list": []
		},
		"conversation": {
			"current": -1,
			"list": []
		},
		"miniprogram": {
			"current": -1,
			"list": [
				{
					"id": 0,
					"name": "的",
					"pathName": "pages/my/brushContest/brushContest",
					"query": ""
				}
			]
		}
	}
}